営業部 佐藤太郎,123456
開発部 鈴木花子,789012
人事部 田中一郎,345678
経理部 山田恵子,901234
広報部 小林健太,567890
営業部 伊藤美咲,123457
開発部 中村大輔,789013
人事部 加藤由紀,345679
経理部 吉田修平,901235
広報部 渡辺あかり,567891
営業部 佐々木拓海,123458
開発部 山本茜,789014
人事部 石田隆,345680
経理部 松本彩,901236
広報部 井上浩二,567892
営業部 木村優子,123459
開発部 林健一,789015
人事部 清水沙織,345681
経理部 阿部祐介,901237
広報部 高橋里奈,567893
営業部 岡田悟,123460
開発部 佐野陽子,789016
人事部 大野哲也,345682
経理部 斉藤真由美,901238
広報部 藤田健,567894
営業部 宮本あや,123461
開発部 福田淳,789017
人事部 上田美香,345683
経理部 小川直樹,901239
広報部 西村朋子,567895
営業部 杉山智也,123462
開発部 池田麻衣,789018
人事部 森田悠,345684
経理部 長谷川さくら,901240
広報部 田村誠,567896
営業部 金子理恵,123463
開発部 坂本健,789019
人事部 村上奈緒,345685
経理部 横山和也,901241
広報部 岡本詩織,567897
営業部 原田聡,123464
開発部 中野恵,789020
人事部 川口浩,345686
経理部 高田あおい,901242
広報部 今井翼,567898
営業部 青木裕子,123465
開発部 柴田健司,789021
人事部 藤井美穂,345687
経理部 大塚誠,901243
広報部 片山沙織,567899
営業部 丸山晃,123466
開発部 栗原由香,789022
人事部 遠藤啓介,345688
経理部 溝口恵,901244
広報部 塚田悠真,567900
営業部 野口さつき,123467
開発部 石川大輔,789023
人事部 武田久美子,345689
経理部 平野健太,901245
広報部 富田さやか,567901
営業部 小野寺修,123468
開発部 宇野あおい,789024
人事部 佐藤浩二,345690
経理部 鈴木美穂,901246
広報部 田中健太,567902
営業部 山田由香,123469
開発部 伊藤悟,789025
人事部 中村恵子,345691
経理部 加藤大輔,901247
広報部 吉田あかり,567903
営業部 小林一郎,123470
開発部 渡辺美咲,789026
人事部 佐々木拓海,345692
経理部 山本茜,901248
広報部 石田隆,567904
営業部 木村花子,123471
開発部 林健太,789027
人事部 清水沙織,345693
経理部 阿部祐介,901249
広報部 高橋里奈,567905
営業部 岡田さおり,123472
開発部 佐野陽一,789028
人事部 大野哲也,345694
経理部 斉藤真由美,901250
広報部 藤田健,567906
営業部 宮本あや,123473
開発部 福田淳,789029
人事部 上田美香,345695
経理部 小川直樹,901251
広報部 西村朋子,567907
営業部 杉山智也,123474
開発部 池田麻衣,789030
人事部 森田悠,345696
経理部 長谷川さくら,901252
広報部 田村誠,567908
営業部 金子理恵,123475
開発部 坂本健,789031
人事部 村上奈緒,345697
経理部 横山和也,901253
広報部 岡本詩織,567909
営業部 原田聡,123476
開発部 中野恵,789032
人事部 川口浩,345698
経理部 高田あおい,901254
広報部 今井翼,567910
営業部 青木裕子,123477
開発部 柴田健司,789033
人事部 藤井美穂,345699
経理部 大塚誠,901255
広報部 片山沙織,567911
営業部 丸山晃,123478
開発部 栗原由香,789034
人事部 遠藤啓介,345700
経理部 溝口恵,901256
広報部 塚田悠真,567912